molecule,natoms,stage,rep,ms,rss_mb,heap_used_mb,scf_iters,energy_hartree,nmodes,note
,,load,1,281.33,149.0,,,,,module-load
water,3,sp,1,13.245,158.0,9.8,8,-5.07054411,,
water,3,sp,2,1.160,158.3,10.1,8,-5.07054411,,
water,3,sp,3,2.743,159.0,7.5,8,-5.07054411,,
water,3,hess,1,39.552,161.5,9.3,,,9,
water,3,hess,2,77.482,175.8,10.4,,,9,
methanol,6,sp,1,0.831,177.1,7.7,9,-8.22611737,,
methanol,6,sp,2,0.676,177.1,8.3,9,-8.22611737,,
methanol,6,sp,3,0.668,177.1,8.9,9,-8.22611737,,
methanol,6,hess,1,247.730,165.1,7.5,,,18,
methanol,6,hess,2,178.001,130.4,10.0,,,18,
alkane_c2,8,sp,1,0.732,130.6,7.4,8,-7.33636875,,
alkane_c2,8,sp,2,0.915,130.6,8.1,8,-7.33636875,,
alkane_c2,8,sp,3,2.478,130.6,8.7,8,-7.33636875,,
alkane_c2,8,hess,1,133.465,130.8,10.7,,,24,
alkane_c2,8,hess,2,169.230,131.2,8.7,,,24,
ethanol,9,sp,1,1.072,131.5,10.8,11,-11.39433631,,
ethanol,9,sp,2,1.161,131.5,7.8,11,-11.39433631,,
ethanol,9,sp,3,1.133,131.5,8.8,11,-11.39433631,,
ethanol,9,hess,1,209.627,132.0,8.0,,,27,
ethanol,9,hess,2,214.499,132.1,11.3,,,27,
benzene,12,sp,1,2.031,132.2,9.7,10,-15.87963657,,
benzene,12,sp,2,5.115,132.2,10.9,10,-15.87963657,,
benzene,12,sp,3,2.191,132.3,8.1,10,-15.87963657,,
benzene,12,hess,1,698.709,131.7,9.1,,,36,
benzene,12,hess,2,670.655,131.8,10.2,,,36,
phenol,13,sp,1,4.269,131.8,10.4,16,-19.95414194,,
phenol,13,sp,2,4.122,131.8,8.5,16,-19.95414194,,
phenol,13,sp,3,3.945,131.8,10.5,16,-19.95414194,,
phenol,13,hess,1,486.776,132.5,9.7,,,39,
phenol,13,hess,2,477.007,132.5,9.0,,,39,
alkane_c4,14,sp,1,1.795,132.6,7.6,9,-13.66512127,,
alkane_c4,14,sp,2,1.710,132.6,8.8,9,-13.66512127,,
alkane_c4,14,sp,3,1.691,132.6,10.0,9,-13.66512127,,
alkane_c4,14,hess,1,321.532,132.6,9.1,,,42,
alkane_c4,14,hess,2,329.159,132.7,8.1,,,42,
naphthalene,18,sp,1,5.642,133.0,8.3,12,-25.47437932,,
naphthalene,18,sp,2,5.442,133.1,10.3,12,-25.47437932,,
naphthalene,18,sp,3,5.486,133.1,8.4,12,-25.47437932,,
naphthalene,18,hess,1,1219.197,134.7,8.2,,,54,
naphthalene,18,hess,2,1215.256,134.8,8.0,,,54,
hexane,20,sp,1,3.444,134.8,7.8,10,-19.99382565,,
hexane,20,sp,2,3.362,134.8,9.7,10,-19.99382565,,
hexane,20,sp,3,3.458,134.8,7.6,10,-19.99382565,,
hexane,20,hess,1,939.003,134.9,8.8,,,60,
hexane,20,hess,2,947.646,135.0,10.3,,,60,
aspirin,21,sp,1,14.025,135.1,10.2,20,-39.62240103,,
aspirin,21,sp,2,14.336,135.2,10.2,20,-39.62240103,,
aspirin,21,sp,3,14.732,135.3,10.1,20,-39.62240103,,
aspirin,21,hess,1,2444.103,146.0,9.4,,,63,
aspirin,21,hess,2,2500.639,146.1,8.5,,,63,
caffeine,24,sp,1,17.501,146.1,9.0,19,-42.15393045,,
caffeine,24,sp,2,17.258,146.1,13.2,19,-42.15393045,,
caffeine,24,sp,3,17.272,146.1,9.5,19,-42.15393045,,
caffeine,24,hess,1,3484.368,148.1,14.9,,,72,
caffeine,24,hess,2,3548.517,164.5,12.1,,,72,
alkane_c8,26,sp,1,6.755,164.5,9.6,11,-26.32261633,,
alkane_c8,26,sp,2,6.543,164.5,12.2,11,-26.32261633,,
alkane_c8,26,sp,3,7.174,164.5,14.8,11,-26.32261633,,
alkane_c8,26,hess,1,2495.611,73.0,10.3,,,78,
alkane_c8,26,hess,2,2179.649,74.4,13.7,,,78,
ibuprofen,33,sp,1,29.167,79.6,9.3,19,-45.16331198,,
ibuprofen,33,sp,2,29.322,79.8,15.0,19,-45.16331198,,
ibuprofen,33,sp,3,29.890,79.9,12.7,19,-45.16331198,,
ibuprofen,33,hess,1,7869.192,70.7,13.5,,,99,
ibuprofen,33,hess,2,7958.704,70.8,13.9,,,99,
alkane_c12,38,sp,1,20.969,74.5,15.1,13,-38.98023146,,
alkane_c12,38,sp,2,19.632,74.6,11.6,13,-38.98023146,,
alkane_c12,38,sp,3,19.988,74.6,8.1,13,-38.98023146,,
alkane_c12,38,hess,1,7060.759,70.5,10.5,,,114,
alkane_c12,38,hess,2,6591.374,75.8,13.2,,,114,
estradiol,44,sp,1,54.316,81.8,11.7,18,-58.97572433,,
estradiol,44,sp,2,52.753,81.8,10.8,18,-58.97572433,,
estradiol,44,sp,3,53.020,81.8,9.9,18,-58.97572433,,
estradiol,44,hess,1,18009.442,77.6,13.3,,,132,
estradiol,44,hess,2,17820.245,77.6,8.5,,,132,
sucrose,45,sp,1,51.707,83.4,12.8,15,-81.66185516,,
sucrose,45,sp,2,52.343,83.5,10.9,15,-81.66185516,,
sucrose,45,sp,3,53.413,83.5,8.9,15,-81.66185516,,
sucrose,45,hess,1,22629.463,79.0,15.2,,,135,
sucrose,45,hess,2,22163.029,79.1,13.6,,,135,
alkane_c16,50,sp,1,38.302,83.4,9.5,13,-51.63785221,,
alkane_c16,50,sp,2,38.396,83.4,15.3,13,-51.63785221,,
alkane_c16,50,sp,3,38.752,83.5,13.1,13,-51.63785221,,
alkane_c16,50,hess,1,16447.353,74.9,11.0,,,150,
alkane_c16,50,hess,2,17012.318,75.1,9.0,,,150,
alkane_c20,62,sp,1,65.917,80.8,7.7,13,-64.29547300,,
alkane_c20,62,sp,2,65.985,80.8,14.8,13,-64.29547300,,
alkane_c20,62,sp,3,65.100,80.8,14.0,13,-64.29547300,,
alkane_c20,62,hess,1,32056.462,81.7,13.7,,,186,
sildenafil,63,sp,1,301.049,85.2,13.3,28,-99.51489347,,
sildenafil,63,sp,2,287.624,85.2,12.9,28,-99.51489347,,
sildenafil,63,sp,3,282.349,85.2,12.6,28,-99.51489347,,
sildenafil,63,hess,1,91644.415,93.4,13.0,,,189,
alkane_c24,74,sp,1,102.426,96.6,14.4,13,-76.95309430,,
alkane_c24,74,sp,2,102.510,96.6,14.9,13,-76.95309430,,
alkane_c24,74,sp,3,101.970,96.6,15.4,13,-76.95309430,,
alkane_c24,74,hess,1,53500.798,87.4,11.0,,,222,
cholesterol,74,sp,1,163.094,90.4,9.6,17,-85.43083019,,
cholesterol,74,sp,2,161.215,90.4,12.7,17,-85.43083019,,
cholesterol,74,sp,3,157.359,90.5,7.9,17,-85.43083019,,
cholesterol,74,hess,1,88512.916,90.4,13.2,,,222,
betacarotene,96,sp,1,592.817,94.5,7.8,25,-114.09326111,,
betacarotene,96,sp,2,585.329,101.5,12.9,25,-114.09326111,,
betacarotene,96,sp,3,623.778,108.7,18.0,25,-114.09326111,,
betacarotene,96,hess,1,264419.364,122.1,17.2,,,288,
alkane_c32,98,sp,1,219.783,125.2,9.8,14,-102.26832902,,
alkane_c32,98,sp,2,219.281,125.2,21.8,14,-102.26832902,,
alkane_c32,98,sp,3,217.643,125.2,17.9,14,-102.26832902,,
alkane_c32,98,hess,1,136320.755,114.6,23.6,,,294,
